{
  "task": "transcribe",
  "language": "english",
  "duration": 50.15999984741211,
  "text": "Last year, fate intertwined the lives of two souls. I met Andrea. From that moment on, every shared laugh and whispered secret painted a vivid tapestry of joy. Our days together are filled with warmth, each moment a treasure to unwrap. As the seasons change, the promise of tomorrow blooms brightly before us. Next year, we will take a step into forever, hand in hand as we say our vows and weave our dreams into the fabric of marriage. In the quiet corners of our hearts, we know this is just the beginning of our beautiful journey together.",
  "segments": [
    {
      "id": 0,
      "seek": 0,
      "start": 0,
      "end": 9.039999961853027,
      "text": " Last year, fate intertwined the lives of two souls. I met Andrea. From that moment on,",
      "tokens": [
        50364,
        5264,
        1064,
        11,
        12738,
        44400,
        2001,
        264,
        2909,
        295,
        732,
        16588,
        13,
        286,
        1131,
        24215,
        13,
        3358,
        300,
        1623,
        322,
        11,
        50816
      ],
      "temperature": 0,
      "avg_logprob": -0.1852259486913681,
      "compression_ratio": 1.4714285135269165,
      "no_speech_prob": 0.011201121844351292
    },
    {
      "id": 1,
      "seek": 0,
      "start": 9.760000228881836,
      "end": 15.4399995803833,
      "text": " every shared laugh and whispered secret painted a vivid tapestry of joy.",
      "tokens": [
        50852,
        633,
        5507,
        5801,
        293,
        26018,
        292,
        4054,
        11797,
        257,
        23603,
        5119,
        47433,
        295,
        6258,
        13,
        51136
      ],
      "temperature": 0,
      "avg_logprob": -0.1852259486913681,
      "compression_ratio": 1.4714285135269165,
      "no_speech_prob": 0.011201121844351292
    },
    {
      "id": 2,
      "seek": 0,
      "start": 16.959999084472656,
      "end": 22.639999389648438,
      "text": " Our days together are filled with warmth, each moment a treasure to unwrap.",
      "tokens": [
        51212,
        2621,
        1708,
        1214,
        366,
        6412,
        365,
        24737,
        11,
        1184,
        1623,
        257,
        12985,
        281,
        14853,
        4007,
        13,
        51496
      ],
      "temperature": 0,
      "avg_logprob": -0.1852259486913681,
      "compression_ratio": 1.4714285135269165,
      "no_speech_prob": 0.011201121844351292
    },
    {
      "id": 3,
      "seek": 0,
      "start": 23.920000076293945,
      "end": 29.520000457763672,
      "text": " As the seasons change, the promise of tomorrow blooms brightly before us.",
      "tokens": [
        51560,
        1018,
        264,
        15050,
        1319,
        11,
        264,
        6228,
        295,
        4153,
        1749,
        4785,
        47418,
        949,
        505,
        13,
        51840
      ],
      "temperature": 0,
      "avg_logprob": -0.1852259486913681,
      "compression_ratio": 1.4714285135269165,
      "no_speech_prob": 0.011201121844351292
    },
    {
      "id": 4,
      "seek": 3000,
      "start": 30.639999389648438,
      "end": 40.31999969482422,
      "text": " Next year, we will take a step into forever, hand in hand as we say our vows and weave our dreams",
      "tokens": [
        50396,
        3087,
        1064,
        11,
        321,
        486,
        747,
        257,
        1823,
        666,
        5680,
        11,
        1011,
        294,
        1011,
        382,
        321,
        584,
        527,
        371,
        1509,
        293,
        29145,
        527,
        7505,
        50880
      ],
      "temperature": 0,
      "avg_logprob": -0.2166038453578949,
      "compression_ratio": 1.4683544635772705,
      "no_speech_prob": 0.0001962095993803814
    },
    {
      "id": 5,
      "seek": 3000,
      "start": 40.31999969482422,
      "end": 45.20000076293945,
      "text": " into the fabric of marriage. In the quiet corners of our hearts,",
      "tokens": [
        50880,
        666,
        264,
        7253,
        295,
        7194,
        13,
        682,
        264,
        5677,
        12413,
        295,
        527,
        8852,
        11,
        51124
      ],
      "temperature": 0,
      "avg_logprob": -0.2166038453578949,
      "compression_ratio": 1.4683544635772705,
      "no_speech_prob": 0.0001962095993803814
    },
    {
      "id": 6,
      "seek": 3000,
      "start": 45.20000076293945,
      "end": 50,
      "text": " we know this is just the beginning of our beautiful journey together.",
      "tokens": [
        51124,
        321,
        458,
        341,
        307,
        445,
        264,
        2863,
        295,
        527,
        2238,
        4671,
        1214,
        13,
        51364
      ],
      "temperature": 0,
      "avg_logprob": -0.2166038453578949,
      "compression_ratio": 1.4683544635772705,
      "no_speech_prob": 0.0001962095993803814
    }
  ]
}