{
  "task": "transcribe",
  "language": "english",
  "duration": 8.819999694824219,
  "text": "Last year I met Andrea. We love to spend time together and next year we are getting married.",
  "segments": [
    {
      "id": 0,
      "seek": 0,
      "start": 0,
      "end": 9,
      "text": " Last year I met Andrea. We love to spend time together and next year we are getting married.",
      "tokens": [
        50364,
        5264,
        1064,
        286,
        1131,
        24215,
        13,
        492,
        959,
        281,
        3496,
        565,
        1214,
        293,
        958,
        1064,
        321,
        366,
        1242,
        5259,
        13,
        50814
      ],
      "temperature": 0,
      "avg_logprob": -0.3496183454990387,
      "compression_ratio": 1.108433723449707,
      "no_speech_prob": 0.021527227014303207
    }
  ]
}