{
  "task": "transcribe",
  "language": "italian",
  "duration": 50.439998626708984,
  "text": "Era una bella giornata di sole. Il parco si riempiva di risate e gioia. Filippa, con i suoi capelli al vento, si lanciò in una corsa frenetica, rincorrendo gli animali che si muovevano tra l'erba verde. La sua energia era contagiosa. Ogni passo sembrava un invito a giocare. In lontananza, il canto di un uccello si mescolava al fruscio delle foglie, mentre la pioggia, leggera e imprevista, iniziava a cadere, creando una melodia sottile che accompagnava le sue risate. Filippa si fermò per un attimo, osservando una scimmia che dondolava da un ramo all'altro, incuriosita dalla sua presenza. Il mondo attorno a noi era vivo. Ogni suono raccontava una storia, e in quel momento tutto sembrava perfetto.",
  "segments": [
    {
      "id": 0,
      "seek": 0,
      "start": 0,
      "end": 2.4000000953674316,
      "text": " Era una bella giornata di sole.",
      "tokens": [
        50364,
        23071,
        2002,
        312,
        3505,
        36937,
        3274,
        1026,
        12321,
        13,
        50484
      ],
      "temperature": 0,
      "avg_logprob": -0.1717754751443863,
      "compression_ratio": 1.5687023401260376,
      "no_speech_prob": 0.0860842689871788
    },
    {
      "id": 1,
      "seek": 0,
      "start": 2.4000000953674316,
      "end": 5.199999809265137,
      "text": " Il parco si riempiva di risate e gioia.",
      "tokens": [
        50484,
        4416,
        971,
        1291,
        1511,
        367,
        414,
        2455,
        5931,
        1026,
        2253,
        473,
        308,
        48508,
        654,
        13,
        50624
      ],
      "temperature": 0,
      "avg_logprob": -0.1717754751443863,
      "compression_ratio": 1.5687023401260376,
      "no_speech_prob": 0.0860842689871788
    },
    {
      "id": 2,
      "seek": 0,
      "start": 5.199999809265137,
      "end": 9.4399995803833,
      "text": " Filippa, con i suoi capelli al vento, si lanciò in una corsa frenetica,",
      "tokens": [
        50624,
        479,
        12833,
        64,
        11,
        416,
        741,
        459,
        4869,
        30414,
        16320,
        419,
        6931,
        78,
        11,
        1511,
        9326,
        537,
        4293,
        294,
        2002,
        269,
        38822,
        33596,
        302,
        2262,
        11,
        50836
      ],
      "temperature": 0,
      "avg_logprob": -0.1717754751443863,
      "compression_ratio": 1.5687023401260376,
      "no_speech_prob": 0.0860842689871788
    },
    {
      "id": 3,
      "seek": 0,
      "start": 9.4399995803833,
      "end": 14.079999923706055,
      "text": " rincorrendo gli animali che si muovevano tra l'erba verde.",
      "tokens": [
        50836,
        367,
        4647,
        284,
        46501,
        17161,
        2383,
        5103,
        947,
        1511,
        2992,
        1682,
        85,
        3730,
        944,
        287,
        6,
        260,
        4231,
        29653,
        13,
        51068
      ],
      "temperature": 0,
      "avg_logprob": -0.1717754751443863,
      "compression_ratio": 1.5687023401260376,
      "no_speech_prob": 0.0860842689871788
    },
    {
      "id": 4,
      "seek": 0,
      "start": 14.079999923706055,
      "end": 16.479999542236328,
      "text": " La sua energia era contagiosa.",
      "tokens": [
        51068,
        2369,
        8233,
        29469,
        4249,
        28525,
        37050,
        13,
        51188
      ],
      "temperature": 0,
      "avg_logprob": -0.1717754751443863,
      "compression_ratio": 1.5687023401260376,
      "no_speech_prob": 0.0860842689871788
    },
    {
      "id": 5,
      "seek": 0,
      "start": 16.479999542236328,
      "end": 19.719999313354492,
      "text": " Ogni passo sembrava un invito a giocare.",
      "tokens": [
        51188,
        14883,
        3722,
        38159,
        20775,
        424,
        2757,
        517,
        1048,
        3528,
        257,
        48508,
        5685,
        13,
        51350
      ],
      "temperature": 0,
      "avg_logprob": -0.1717754751443863,
      "compression_ratio": 1.5687023401260376,
      "no_speech_prob": 0.0860842689871788
    },
    {
      "id": 6,
      "seek": 0,
      "start": 19.719999313354492,
      "end": 24.799999237060547,
      "text": " In lontananza, il canto di un uccello si mescolava al fruscio delle foglie,",
      "tokens": [
        51350,
        682,
        287,
        896,
        282,
        20030,
        11,
        1930,
        393,
        1353,
        1026,
        517,
        344,
        66,
        384,
        1913,
        1511,
        3813,
        8768,
        4061,
        419,
        431,
        301,
        8529,
        16485,
        13648,
        6302,
        11,
        51604
      ],
      "temperature": 0,
      "avg_logprob": -0.1717754751443863,
      "compression_ratio": 1.5687023401260376,
      "no_speech_prob": 0.0860842689871788
    },
    {
      "id": 7,
      "seek": 0,
      "start": 24.799999237060547,
      "end": 29.68000030517578,
      "text": " mentre la pioggia, leggera e imprevista, iniziava a cadere,",
      "tokens": [
        51604,
        49601,
        635,
        3895,
        36754,
        654,
        11,
        1676,
        1321,
        64,
        308,
        704,
        40382,
        5236,
        11,
        294,
        590,
        654,
        2757,
        257,
        12209,
        323,
        11,
        51848
      ],
      "temperature": 0,
      "avg_logprob": -0.1717754751443863,
      "compression_ratio": 1.5687023401260376,
      "no_speech_prob": 0.0860842689871788
    },
    {
      "id": 8,
      "seek": 2968,
      "start": 29.68000030517578,
      "end": 33.439998626708984,
      "text": " creando una melodia sottile che accompagnava le sue risate.",
      "tokens": [
        50364,
        1197,
        1806,
        2002,
        32834,
        654,
        262,
        1521,
        794,
        947,
        18037,
        35697,
        2757,
        476,
        20416,
        2253,
        473,
        13,
        50552
      ],
      "temperature": 0,
      "avg_logprob": -0.19370916485786438,
      "compression_ratio": 1.4873096942901611,
      "no_speech_prob": 0.0022513801231980324
    },
    {
      "id": 9,
      "seek": 2968,
      "start": 33.439998626708984,
      "end": 35.79999923706055,
      "text": " Filippa si fermò per un attimo,",
      "tokens": [
        50552,
        479,
        12833,
        64,
        1511,
        26558,
        4293,
        680,
        517,
        951,
        6934,
        11,
        50670
      ],
      "temperature": 0,
      "avg_logprob": -0.19370916485786438,
      "compression_ratio": 1.4873096942901611,
      "no_speech_prob": 0.0022513801231980324
    },
    {
      "id": 10,
      "seek": 2968,
      "start": 35.79999923706055,
      "end": 39.720001220703125,
      "text": " osservando una scimmia che dondolava da un ramo all'altro,",
      "tokens": [
        50670,
        19508,
        1978,
        1806,
        2002,
        795,
        6753,
        654,
        947,
        500,
        67,
        401,
        4061,
        1120,
        517,
        10211,
        78,
        439,
        6,
        47484,
        11,
        50866
      ],
      "temperature": 0,
      "avg_logprob": -0.19370916485786438,
      "compression_ratio": 1.4873096942901611,
      "no_speech_prob": 0.0022513801231980324
    },
    {
      "id": 11,
      "seek": 2968,
      "start": 39.720001220703125,
      "end": 42.36000061035156,
      "text": " incuriosita dalla sua presenza.",