{
  "task": "transcribe",
  "language": "english",
  "duration": 8.460000038146973,
  "text": "Three years ago I met Sandra at the Masters, we loved to spend time together, now next year we are getting married.",
  "segments": [
    {
      "id": 0,
      "seek": 0,
      "start": 0,
      "end": 8,
      "text": " Three years ago I met Sandra at the Masters, we loved to spend time together, now next year we are getting married.",
      "tokens": [
        50364,
        6244,
        924,
        2057,
        286,
        1131,
        28184,
        412,
        264,
        27014,
        11,
        321,
        4333,
        281,
        3496,
        565,
        1214,
        11,
        586,
        958,
        1064,
        321,
        366,
        1242,
        5259,
        13,
        50764
      ],
      "temperature": 0,
      "avg_logprob": -0.4913867115974426,
      "compression_ratio": 1.185567021369934,
      "no_speech_prob": 0.029811598360538483
    }
  ]
}