{
  "task": "transcribe",
  "language": "italian",
  "duration": 11.399999618530273,
  "text": "Ricordo quella volta di mia mamma che fece il pane caldo a casa, l'odore si diffondeva in tutta la casa e quella volta abbiamo fatto la pasta con la zucca, erano ravioli.",
  "segments": [
    {
      "id": 0,
      "seek": 0,
      "start": 0,
      "end": 11.359999656677246,
      "text": " Ricordo quella volta di mia mamma che fece il pane caldo a casa, l'odore si diffondeva in tutta la casa e quella volta abbiamo fatto la pasta con la zucca, erano ravioli.",
      "tokens": [
        50364,
        21215,
        23872,
        421,
        9885,
        18765,
        1026,
        21290,
        13524,
        1696,
        947,
        579,
        384,
        1930,
        32605,
        2104,
        2595,
        257,
        9022,
        11,
        287,
        6,
        34239,
        1511,
        7593,
        7259,
        2757,
        294,
        3672,
        1328,
        635,
        9022,
        308,
        32234,
        18765,
        22815,
        23228,
        635,
        13296,
        416,
        635,
        710,
        1311,
        496,
        11,
        1189,
        3730,
        367,
        18442,
        9384,
        13,
        50932
      ],
      "temperature": 0,
      "avg_logprob": -0.3080708086490631,
      "compression_ratio": 1.404958724975586,
      "no_speech_prob": 0.005857298616319895
    }
  ]
}