{
  "task": "transcribe",
  "language": "italian",
  "duration": 10.319999694824219,
  "text": "Ricordo di quella volta che mia mamma fece il pane a caldo a casa, abbiamo anche fatto la pasta, era una pasta con la zucca, ravioli freschi.",
  "segments": [
    {
      "id": 0,
      "seek": 0,
      "start": 0,
      "end": 6.440000057220459,
      "text": " Ricordo di quella volta che mia mamma fece il pane a caldo a casa, abbiamo anche fatto la pasta,",
      "tokens": [
        50364,
        21215,
        23872,
        1026,
        32234,
        18765,
        947,
        21290,
        13524,
        1696,
        579,
        384,
        1930,
        32605,
        257,
        2104,
        2595,
        257,
        9022,
        11,
        22815,
        11585,
        23228,
        635,
        13296,
        11,
        50686
      ],
      "temperature": 0,
      "avg_logprob": -0.33311671018600464,
      "compression_ratio": 1.3055555820465088,
      "no_speech_prob": 0.001773294759914279
    },
    {
      "id": 1,
      "seek": 0,
      "start": 6.440000057220459,
      "end": 9.800000190734863,
      "text": " era una pasta con la zucca, ravioli freschi.",
      "tokens": [
        50686,
        4249,
        2002,
        13296,
        416,
        635,
        710,
        1311,
        496,
        11,
        367,
        18442,
        9384,
        25235,
        8036,
        13,
        50854
      ],
      "temperature": 0,
      "avg_logprob": -0.33311671018600464,
      "compression_ratio": 1.3055555820465088,
      "no_speech_prob": 0.001773294759914279
    }
  ]
}