{
  "task": "transcribe",
  "language": "spanish",
  "duration": 16.020000457763672,
  "text": "Un año atrás encontré a Andrea en el Master en Milano y ahora nos vamos a casar el próximo año, en el invierno del próximo año.",
  "segments": [
    {
      "id": 0,
      "seek": 0,
      "start": 0,
      "end": 15,
      "text": " Un año atrás encontré a Andrea en el Master en Milano y ahora nos vamos a casar el próximo año, en el invierno del próximo año.",
      "tokens": [
        50364,
        1156,
        15984,
        22906,
        10176,
        10521,
        257,
        24215,
        465,
        806,
        6140,
        465,
        7036,
        3730,
        288,
        9923,
        3269,
        5295,
        257,
        3058,
        289,
        806,
        21177,
        15984,
        11,
        465,
        806,
        1048,
        19689,
        1103,
        21177,
        15984,
        13,
        51114
      ],
      "temperature": 0,
      "avg_logprob": -0.31861546635627747,
      "compression_ratio": 1.2407407760620117,
      "no_speech_prob": 0.03615359961986542
    }
  ]
}