{
  "task": "transcribe",
  "language": "italian",
  "duration": 17.280000686645508,
  "text": "racconto di quella volta che filippa scese a fare la pipì ma incontrò un'altra cagnodina rossa di color rosso con la quale della quale si innamorò",
  "segments": [
    {
      "id": 0,
      "seek": 0,
      "start": 0,
      "end": 9.600000381469727,
      "text": " racconto di quella volta che filippa scese a fare la pipì ma incontrò un'altra",
      "tokens": [
        50364,
        4129,
        66,
        7556,
        1026,
        32234,
        18765,
        947,
        1387,
        2488,
        64,
        795,
        1130,
        257,
        11994,
        635,
        8489,
        4749,
        463,
        834,
        896,
        81,
        4293,
        517,
        6,
        38865,
        50844
      ],
      "temperature": 0,
      "avg_logprob": -0.27911749482154846,
      "compression_ratio": 1.3185840845108032,
      "no_speech_prob": 0.004448115359991789
    },
    {
      "id": 1,
      "seek": 0,
      "start": 9.600000381469727,
      "end": 18.15999984741211,
      "text": " cagnodina rossa di color rosso con la quale della quale si innamorò",
      "tokens": [
        50844,
        269,
        4535,
        378,
        1426,
        367,
        9978,
        1026,
        2017,
        18953,
        539,
        416,
        635,
        421,
        1220,
        11618,
        421,
        1220,
        1511,
        294,
        5378,
        284,
        4293,
        51272
      ],
      "temperature": 0,
      "avg_logprob": -0.27911749482154846,
      "compression_ratio": 1.3185840845108032,
      "no_speech_prob": 0.004448115359991789
    }
  ]
}