{
  "task": "transcribe",
  "language": "english",
  "duration": 51.209999084472656,
  "text": "Three years ago, at the vibrant atmosphere of the Masters, I met someone who would change my life forever, Andrea. From that very first encounter, a connection sparked between us, igniting a friendship that blossomed into something deeper. Now we cherish every moment spent together, sharing laughter, dreams, and quiet evenings. As we look ahead, our hearts are filled with joy and anticipation. Next year, we will stand side by side, exchanging vows and promising to embark on this incredible journey together. In the tapestry of life, our threads intertwine beautifully, and I can't wait to see what the future holds for us.",
  "segments": [
    {
      "id": 0,
      "seek": 0,
      "start": 0,
      "end": 4.599999904632568,
      "text": " Three years ago, at the vibrant atmosphere of the Masters,",
      "tokens": [
        50364,
        6244,
        924,
        2057,
        11,
        412,
        264,
        21571,
        8018,
        295,
        264,
        27014,
        11,
        50594
      ],
      "temperature": 0,
      "avg_logprob": -0.30187684297561646,
      "compression_ratio": 1.4886877536773682,
      "no_speech_prob": 0.017923492938280106
    },
    {
      "id": 1,
      "seek": 0,
      "start": 4.599999904632568,
      "end": 9.600000381469727,
      "text": " I met someone who would change my life forever, Andrea.",
      "tokens": [
        50594,
        286,
        1131,
        1580,
        567,
        576,
        1319,
        452,
        993,
        5680,
        11,
        24215,
        13,
        50844
      ],
      "temperature": 0,
      "avg_logprob": -0.30187684297561646,
      "compression_ratio": 1.4886877536773682,
      "no_speech_prob": 0.017923492938280106
    },
    {
      "id": 2,
      "seek": 0,
      "start": 9.600000381469727,
      "end": 14.600000381469727,
      "text": " From that very first encounter, a connection sparked between us,",
      "tokens": [
        50844,
        3358,
        300,
        588,
        700,
        8593,
        11,
        257,
        4984,
        39653,
        1296,
        505,
        11,
        51094
      ],
      "temperature": 0,
      "avg_logprob": -0.30187684297561646,
      "compression_ratio": 1.4886877536773682,
      "no_speech_prob": 0.017923492938280106
    },
    {
      "id": 3,
      "seek": 0,
      "start": 14.600000381469727,
      "end": 19.200000762939453,
      "text": " igniting a friendship that blossomed into something deeper.",
      "tokens": [
        51094,
        5335,
        1748,
        257,
        13216,
        300,
        22956,
        17671,
        666,
        746,
        7731,
        13,
        51324
      ],
      "temperature": 0,
      "avg_logprob": -0.30187684297561646,
      "compression_ratio": 1.4886877536773682,
      "no_speech_prob": 0.017923492938280106
    },
    {
      "id": 4,
      "seek": 0,
      "start": 19.200000762939453,
      "end": 22.600000381469727,
      "text": " Now we cherish every moment spent together,",
      "tokens": [
        51324,
        823,
        321,
        38277,
        633,
        1623,
        4418,
        1214,
        11,
        51494
      ],
      "temperature": 0,
      "avg_logprob": -0.30187684297561646,
      "compression_ratio": 1.4886877536773682,
      "no_speech_prob": 0.017923492938280106
    },
    {
      "id": 5,
      "seek": 0,
      "start": 22.600000381469727,
      "end": 27.100000381469727,
      "text": " sharing laughter, dreams, and quiet evenings.",
      "tokens": [
        51494,
        5414,
        13092,
        11,
        7505,
        11,
        293,
        5677,
        42835,
        13,
        51719
      ],
      "temperature": 0,
      "avg_logprob": -0.30187684297561646,
      "compression_ratio": 1.4886877536773682,
      "no_speech_prob": 0.017923492938280106
    },
    {
      "id": 6,
      "seek": 2710,
      "start": 27.100000381469727,
      "end": 32.900001525878906,
      "text": " As we look ahead, our hearts are filled with joy and anticipation.",
      "tokens": [
        50364,
        1018,
        321,
        574,
        2286,
        11,
        527,
        8852,
        366,
        6412,
        365,
        6258,
        293,
        35979,
        13,
        50654
      ],
      "temperature": 0,
      "avg_logprob": -0.18232271075248718,
      "compression_ratio": 1.4630541801452637,
      "no_speech_prob": 0.0025280595291405916
    },
    {
      "id": 7,
      "seek": 2710,
      "start": 32.900001525878906,
      "end": 36.5,
      "text": " Next year, we will stand side by side,",
      "tokens": [
        50654,
        3087,
        1064,
        11,
        321,
        486,
        1463,
        1252,
        538,
        1252,
        11,
        50834
      ],
      "temperature": 0,
      "avg_logprob": -0.18232271075248718,
      "compression_ratio": 1.4630541801452637,
      "no_speech_prob": 0.0025280595291405916
    },
    {
      "id": 8,
      "seek": 2710,
      "start": 36.5,
      "end": 42.599998474121094,
      "text": " exchanging vows and promising to embark on this incredible journey together.",
      "tokens": [
        50834,
        6210,
        9741,
        371,
        1509,
        293,
        20257,
        281,
        29832,
        322,
        341,
        4651,
        4671,
        1214,
        13,
        51139
      ],
      "temperature": 0,
      "avg_logprob": -0.18232271075248718,
      "compression_ratio": 1.4630541801452637,
      "no_speech_prob": 0.0025280595291405916
    },
    {
      "id": 9,
      "seek": 2710,
      "start": 42.599998474121094,
      "end": 47.70000076293945,
      "text": " In the tapestry of life, our threads intertwine beautifully,",
      "tokens": [
        51139,
        682,
        264,
        5119,
        47433,
        295,
        993,
        11,
        527,
        19314,
        44400,
        533,
        16525,
        11,
        51394
      ],
      "temperature": 0,
      "avg_logprob": -0.18232271075248718,
      "compression_ratio": 1.4630541801452637,
      "no_speech_prob": 0.0025280595291405916
    },
    {
      "id": 10,
      "seek": 2710,
      "start": 47.70000076293945,
      "end": 51.099998474121094,
      "text": " and I can't wait to see what the future holds for us.",
      "tokens": [
        51394,
        293,
        286,
        393,
        380,
        1699,
        281,
        536,
        437,
        264,
        2027,
        9190,
        337,
        505,
        13,
        51564
      ],
      "temperature": 0,
      "avg_logprob": -0.18232271075248718,
      "compression_ratio": 1.4630541801452637,
      "no_speech_prob": 0.0025280595291405916
    }
  ]
}