{
  "task": "transcribe",
  "language": "italian",
  "duration": 12.600000381469727,
  "text": "Ricordo di quella volta che mia mamma fece la pasta a casa. L'odore si diffondeva dalla cucina fino alla mia stanza. Quel giorno abbiamo fatto la pasta con la zucca, erano ravioli freschi.",
  "segments": [
    {
      "id": 0,
      "seek": 0,
      "start": 0,
      "end": 7.519999980926514,
      "text": " Ricordo di quella volta che mia mamma fece la pasta a casa. L'odore si diffondeva dalla cucina fino alla mia stanza.",
      "tokens": [
        50364,
        21215,
        23872,
        1026,
        32234,
        18765,
        947,
        21290,
        13524,
        1696,
        579,
        384,
        635,
        13296,
        257,
        9022,
        13,
        441,
        6,
        34239,
        1511,
        7593,
        7259,
        2757,
        35566,
        18488,
        1426,
        42560,
        11591,
        21290,
        342,
        20030,
        13,
        50740
      ],
      "temperature": 0,
      "avg_logprob": -0.29810935258865356,
      "compression_ratio": 1.3925925493240356,
      "no_speech_prob": 0.0027945421170443296
    },
    {
      "id": 1,
      "seek": 0,
      "start": 7.519999980926514,
      "end": 12.520000457763672,
      "text": " Quel giorno abbiamo fatto la pasta con la zucca, erano ravioli freschi.",
      "tokens": [
        50740,
        4493,
        75,
        42202,
        22815,
        23228,
        635,
        13296,
        416,
        635,
        710,
        1311,
        496,
        11,
        1189,
        3730,
        367,
        18442,
        9384,
        25235,
        8036,
        13,
        50990
      ],
      "temperature": 0,
      "avg_logprob": -0.29810935258865356,
      "compression_ratio": 1.3925925493240356,
      "no_speech_prob": 0.0027945421170443296
    }
  ]
}