{
  "task": "transcribe",
  "language": "italian",
  "duration": 9.239999771118164,
  "text": "Ricordo di quella volta che mia mamma fece il pane caldo a casa, l'odore si diffondeva in tutta la casa, quel giorno abbiamo fatto anche la pasta con la zucca, erano ravioli.",
  "segments": [
    {
      "id": 0,
      "seek": 0,
      "start": 0,
      "end": 9,
      "text": " Ricordo di quella volta che mia mamma fece il pane caldo a casa, l'odore si diffondeva in tutta la casa, quel giorno abbiamo fatto anche la pasta con la zucca, erano ravioli.",
      "tokens": [
        50364,
        21215,
        23872,
        1026,
        32234,
        18765,
        947,
        21290,
        13524,
        1696,
        579,
        384,
        1930,
        32605,
        2104,
        2595,
        257,
        9022,
        11,
        287,
        6,
        34239,
        1511,
        7593,
        7259,
        2757,
        294,
        3672,
        1328,
        635,
        9022,
        11,
        7178,
        42202,
        22815,
        23228,
        11585,
        635,
        13296,
        416,
        635,
        710,
        1311,
        496,
        11,
        1189,
        3730,
        367,
        18442,
        9384,
        13,
        50814
      ],
      "temperature": 0,
      "avg_logprob": -0.3170556128025055,
      "compression_ratio": 1.3809523582458496,
      "no_speech_prob": 0.002169602084904909
    }
  ]
}