{
  "task": "transcribe",
  "language": "english",
  "duration": 8.460000038146973,
  "text": "Years ago I met Andrea at the Masters. We loved to spend time together. Now we are getting married next year.",
  "segments": [
    {
      "id": 0,
      "seek": 0,
      "start": 0,
      "end": 8,
      "text": " Years ago I met Andrea at the Masters. We loved to spend time together. Now we are getting married next year.",
      "tokens": [
        50364,
        24569,
        2057,
        286,
        1131,
        24215,
        412,
        264,
        27014,
        13,
        492,
        4333,
        281,
        3496,
        565,
        1214,
        13,
        823,
        321,
        366,
        1242,
        5259,
        958,
        1064,
        13,
        50764
      ],
      "temperature": 0,
      "avg_logprob": -0.45083919167518616,
      "compression_ratio": 1.123711347579956,
      "no_speech_prob": 0.0357380136847496
    }
  ]
}