{
  "task": "transcribe",
  "language": "italian",
  "duration": 13.079999923706055,
  "text": "Un giorno ci trovavamo ad un parco insieme a Filippa e ricordo lei che si mise a rincorrere gli animali, era una bella giornata di sole.",
  "segments": [
    {
      "id": 0,
      "seek": 0,
      "start": 0,
      "end": 9.5,
      "text": " Un giorno ci trovavamo ad un parco insieme a Filippa e ricordo lei che si mise a rincorrere",
      "tokens": [
        50364,
        1156,
        42202,
        6983,
        35449,
        706,
        10502,
        614,
        517,
        971,
        1291,
        1028,
        44940,
        257,
        479,
        12833,
        64,
        308,
        21040,
        23872,
        32791,
        947,
        1511,
        36845,
        257,
        367,
        4647,
        24362,
        323,
        50839
      ],
      "temperature": 0,
      "avg_logprob": -0.2469542920589447,
      "compression_ratio": 1.2952381372451782,
      "no_speech_prob": 0.0058412267826497555
    },
    {
      "id": 1,
      "seek": 0,
      "start": 9.5,
      "end": 12.859999656677246,
      "text": " gli animali, era una bella giornata di sole.",
      "tokens": [
        50839,
        17161,
        2383,
        5103,
        11,
        4249,
        2002,
        312,
        3505,
        36937,
        3274,
        1026,
        12321,
        13,
        51007
      ],
      "temperature": 0,
      "avg_logprob": -0.2469542920589447,
      "compression_ratio": 1.2952381372451782,
      "no_speech_prob": 0.0058412267826497555
    }
  ]
}