{
  "task": "transcribe",
  "language": "spanish",
  "duration": 53.849998474121094,
  "text": "Un año atrás, en las vibrantes calles de Milán, el destino unió a dos almas. Allí, en el Máster, conocí a Andrea, una chispa que encendió mi corazón. Desde aquel primer encuentro, el amor floreció, envolviéndonos en una danza de sueños compartidos. Ahora, el tiempo ha pasado y con él, nuestros planes han tomado forma. La emoción crece al pensar que el próximo invierno, bajo un manto de nieve, sellaremos nuestro compromiso con un sí eterno. La vida nos ha regalado este momento, y no puedo esperar para compartirlo con ella. En ese día que será sólo nuestro, Milán fue sólo el comienzo. El verdadero viaje comienza ahora.",
  "segments": [
    {
      "id": 0,
      "seek": 0,
      "start": 0,
      "end": 9.239999771118164,
      "text": " Un año atrás, en las vibrantes calles de Milán, el destino unió a dos almas. Allí, en el Máster,",
      "tokens": [
        50364,
        1156,
        15984,
        22906,
        11,
        465,
        2439,
        11599,
        9327,
        818,
        279,
        368,
        7036,
        7200,
        11,
        806,
        2677,
        2982,
        517,
        7138,
        257,
        4491,
        419,
        3799,
        13,
        1057,
        870,
        11,
        465,
        806,
        376,
        842,
        3120,
        11,
        50826
      ],
      "temperature": 0,
      "avg_logprob": -0.1993379443883896,
      "compression_ratio": 1.3692307472229004,
      "no_speech_prob": 0.04508136212825775
    },
    {
      "id": 1,
      "seek": 0,
      "start": 9.239999771118164,
      "end": 16.399999618530273,
      "text": " conocí a Andrea, una chispa que encendió mi corazón. Desde aquel primer encuentro,",
      "tokens": [
        50826,
        15871,
        870,
        257,
        24215,
        11,
        2002,
        417,
        271,
        4306,
        631,
        2058,
        521,
        7138,
        2752,
        34518,
        13,
        37985,
        2373,
        338,
        12595,
        23708,
        340,
        11,
        51184
      ],
      "temperature": 0,
      "avg_logprob": -0.1993379443883896,
      "compression_ratio": 1.3692307472229004,
      "no_speech_prob": 0.04508136212825775
    },
    {
      "id": 2,
      "seek": 0,
      "start": 16.399999618530273,
      "end": 23.639999389648438,
      "text": " el amor floreció, envolviéndonos en una danza de sueños compartidos. Ahora,",
      "tokens": [
        51184,
        806,
        15543,
        932,
        418,
        19609,
        11,
        49995,
        4917,
        34577,
        50059,
        465,
        2002,
        3277,
        2394,
        368,
        20416,
        8242,
        18113,
        7895,
        13,
        18840,
        11,
        51546
      ],
      "temperature": 0,
      "avg_logprob": -0.1993379443883896,
      "compression_ratio": 1.3692307472229004,
      "no_speech_prob": 0.04508136212825775
    },
    {
      "id": 3,
      "seek": 2364,
      "start": 23.639999389648438,
      "end": 31.920000076293945,
      "text": " el tiempo ha pasado y con él, nuestros planes han tomado forma. La emoción crece al pensar",
      "tokens": [
        50364,
        806,
        11772,
        324,
        24794,
        288,
        416,
        11810,
        11,
        24099,
        14952,
        7276,
        2916,
        1573,
        8366,
        13,
        2369,
        19611,
        5687,
        1197,
        384,
        419,
        18321,
        50778
      ],
      "temperature": 0,
      "avg_logprob": -0.2563974857330322,
      "compression_ratio": 1.5232067108154297,
      "no_speech_prob": 0.44421303272247314
    },
    {
      "id": 4,
      "seek": 2364,
      "start": 31.920000076293945,
      "end": 38.36000061035156,
      "text": " que el próximo invierno, bajo un manto de nieve, sellaremos nuestro compromiso con un",
      "tokens": [
        50778,
        631,
        806,
        21177,
        1048,
        19689,
        11,
        30139,
        517,
        275,
        5857,
        368,
        2838,
        303,
        11,
        3607,
        23118,
        14726,
        11482,
        19227,
        416,
        517,
        51100
      ],
      "temperature": 0,
      "avg_logprob": -0.2563974857330322,
      "compression_ratio": 1.5232067108154297,
      "no_speech_prob": 0.44421303272247314
    },
    {
      "id": 5,
      "seek": 2364,
      "start": 38.36000061035156,
      "end": 45.15999984741211,
      "text": " sí eterno. La vida nos ha regalado este momento, y no puedo esperar para compartirlo con ella.",
      "tokens": [
        51100,
        8600,
        10533,
        78,
        13,
        2369,
        7644,
        3269,
        324,
        1121,
        304,
        1573,
        4065,
        9333,
        11,
        288,
        572,
        21612,
        37577,
        1690,
        40667,
        752,
        416,
        18823,
        13,
        51440
      ],
      "temperature": 0,
      "avg_logprob": -0.2563974857330322,
      "compression_ratio": 1.5232067108154297,
      "no_speech_prob": 0.44421303272247314
    },
    {
      "id": 6,
      "seek": 2364,
      "start": 45.15999984741211,
      "end": 52.20000076293945,
      "text": " En ese día que será sólo nuestro, Milán fue sólo el comienzo. El verdadero viaje",
      "tokens": [
        51440,
        2193,
        10167,
        12271,
        631,
        16502,
        22885,
        14726,
        11,
        7036,
        7200,
        9248,
        22885,
        806,
        395,
        1053,
        4765,
        13,
        2699,
        13692,
        2032,
        48932,
        51792
      ],
      "temperature": 0,
      "avg_logprob": -0.2563974857330322,
      "compression_ratio": 1.5232067108154297,
      "no_speech_prob": 0.44421303272247314
    },
    {
      "id": 7,
      "seek": 5220,
      "start": 52.20000076293945,
      "end": 53.68000030517578,
      "text": " comienza ahora.",
      "tokens": [
        50364,
        395,
        42331,
        9923,
        13,
        50438
      ],
      "temperature": 0,
      "avg_logprob": -0.683384895324707,
      "compression_ratio": 0.6521739363670349,
      "no_speech_prob": 0.2840767204761505
    }
  ]
}