{
  "task": "transcribe",
  "language": "italian",
  "duration": 58.599998474121094,
  "text": "Tre anni fa, il destino intrecciò le vite di due persone. Io e Andrea ci siamo incontrati per la prima volta e da quel momento un legame speciale è nato tra di noi. Ogni istante trascorso insieme si è rivelato un regalo, un tempo che amavamo condividere. Oggi, tre anni dopo, la nostra storia ha preso forma. Viviamo insieme, costruendo ogni giorno il nostro mondo. Le risate, le chiacchierate nel cuore della notte, i piccoli gesti quotidiani sono diventati la nostra routine, il nostro rifugio. E ora, con il cuore colmo di emozione, stiamo progettando il passo successivo. Ci sposeremo il prossimo anno. È un sogno che si avvera, un nuovo capitolo pronto ad aprirsi. E non vediamo l'ora di scriverlo insieme.",
  "segments": [
    {
      "id": 0,
      "seek": 0,
      "start": 0,
      "end": 4.159999847412109,
      "text": " Tre anni fa, il destino intrecciò le vite di due persone.",
      "tokens": [
        50364,
        8648,
        31164,
        2050,
        11,
        1930,
        2677,
        2982,
        560,
        13867,
        537,
        4293,
        476,
        24462,
        1026,
        3462,
        29944,
        13,
        50572
      ],
      "temperature": 0,
      "avg_logprob": -0.24795052409172058,
      "compression_ratio": 1.495192289352417,
      "no_speech_prob": 0.01936938241124153
    },
    {
      "id": 1,
      "seek": 0,
      "start": 4.599999904632568,
      "end": 8.399999618530273,
      "text": " Io e Andrea ci siamo incontrati per la prima volta",
      "tokens": [
        50594,
        19239,
        308,
        24215,
        6983,
        33459,
        834,
        896,
        4481,
        72,
        680,
        635,
        19507,
        18765,
        50784
      ],
      "temperature": 0,
      "avg_logprob": -0.24795052409172058,
      "compression_ratio": 1.495192289352417,
      "no_speech_prob": 0.01936938241124153
    },
    {
      "id": 2,
      "seek": 0,
      "start": 8.720000267028809,
      "end": 13,
      "text": " e da quel momento un legame speciale è nato tra di noi.",
      "tokens": [
        50800,
        308,
        1120,
        7178,
        9333,
        517,
        1676,
        529,
        2121,
        68,
        4873,
        2249,
        78,
        944,
        1026,
        22447,
        13,
        51014
      ],
      "temperature": 0,
      "avg_logprob": -0.24795052409172058,
      "compression_ratio": 1.495192289352417,
      "no_speech_prob": 0.01936938241124153
    },
    {
      "id": 3,
      "seek": 0,
      "start": 13.720000267028809,
      "end": 17.920000076293945,
      "text": " Ogni istante trascorso insieme si è rivelato un regalo,",
      "tokens": [
        51050,
        14883,
        3722,
        1418,
        2879,
        504,
        4806,
        284,
        539,
        1028,
        44940,
        1511,
        4873,
        367,
        36504,
        2513,
        517,
        1121,
        10334,
        11,
        51260
      ],
      "temperature": 0,
      "avg_logprob": -0.24795052409172058,
      "compression_ratio": 1.495192289352417,
      "no_speech_prob": 0.01936938241124153
    },
    {
      "id": 4,
      "seek": 0,
      "start": 18.200000762939453,
      "end": 20.559999465942383,
      "text": " un tempo che amavamo condividere.",
      "tokens": [
        51274,
        517,
        8972,
        947,
        669,
        706,
        10502,
        2224,
        1843,
        323,
        13,
        51392
      ],
      "temperature": 0,
      "avg_logprob": -0.24795052409172058,
      "compression_ratio": 1.495192289352417,
      "no_speech_prob": 0.01936938241124153
    },
    {
      "id": 5,
      "seek": 0,
      "start": 21.360000610351562,
      "end": 25.639999389648438,
      "text": " Oggi, tre anni dopo, la nostra storia ha preso forma.",
      "tokens": [
        51432,
        422,
        22771,
        11,
        2192,
        31164,
        35196,
        11,
        635,
        34311,
        5967,
        654,
        324,
        1183,
        78,
        8366,
        13,
        51646
      ],
      "temperature": 0,
      "avg_logprob": -0.24795052409172058,
      "compression_ratio": 1.495192289352417,
      "no_speech_prob": 0.01936938241124153
    },
    {
      "id": 6,
      "seek": 2564,
      "start": 26.360000610351562,
      "end": 30.639999389648438,
      "text": " Viviamo insieme, costruendo ogni giorno il nostro mondo.",
      "tokens": [
        50400,
        28188,
        7415,
        1028,
        44940,
        11,
        2063,
        894,
        3999,
        33189,
        42202,
        1930,
        35779,
        40499,
        13,
        50614
      ],
      "temperature": 0,
      "avg_logprob": -0.2047082781791687,
      "compression_ratio": 1.5833333730697632,
      "no_speech_prob": 0.6149967312812805
    },
    {
      "id": 7,
      "seek": 2564,
      "start": 31.079999923706055,
      "end": 34.040000915527344,
      "text": " Le risate, le chiacchierate nel cuore della notte,",
      "tokens": [
        50636,
        1456,
        2253,
        473,
        11,
        476,
        13228,
        326,
        339,
        811,
        473,
        15373,
        2702,
        418,
        11618,
        406,
        975,
        11,
        50784
      ],
      "temperature": 0,
      "avg_logprob": -0.2047082781791687,
      "compression_ratio": 1.5833333730697632,
      "no_speech_prob": 0.6149967312812805
    },
    {
      "id": 8,
      "seek": 2564,
      "start": 34.52000045776367,
      "end": 38.880001068115234,
      "text": " i piccoli gesti quotidiani sono diventati la nostra routine,",
      "tokens": [
        50808,
        741,
        13363,
        8768,
        72,
        7219,
        72,
        44017,
        21309,
        9259,
        3414,
        317,
        6908,
        635,
        34311,
        9927,
        11,
        51026
      ],
      "temperature": 0,
      "avg_logprob": -0.2047082781791687,
      "compression_ratio": 1.5833333730697632,
      "no_speech_prob": 0.6149967312812805
    },
    {
      "id": 9,
      "seek": 2564,
      "start": 39.08000183105469,
      "end": 41.08000183105469,
      "text": " il nostro rifugio.",
      "tokens": [
        51036,
        1930,
        35779,
        13203,
        697,
        1004,
        13,
        51136
      ],
      "temperature": 0,
      "avg_logprob": -0.2047082781791687,
      "compression_ratio": 1.5833333730697632,
      "no_speech_prob": 0.6149967312812805
    },
    {
      "id": 10,
      "seek": 2564,
      "start": 41.08000183105469,
      "end": 43.959999084472656,
      "text": " E ora, con il cuore colmo di emozione,",
      "tokens": [
        51136,
        462,
        33714,
        11,
        416,
        1930,
        2702,
        418,
        1173,
        3280,
        1026,
        846,
        15151,
        5328,
        11,
        51280
      ],
      "temperature": 0,
      "avg_logprob": -0.2047082781791687,
      "compression_ratio": 1.5833333730697632,
      "no_speech_prob": 0.6149967312812805
    },
    {
      "id": 11,
      "seek": 2564,
      "start": 44.31999969482422,
      "end": 47.08000183105469,
      "text": " stiamo progettando il passo successivo.",
      "tokens": [
        51298,
        342,
        7415,
        447,
        847,
        83,
        1806,
        1930,
        38159,
        2245,
        6340,
        13,
        51436
      ],
      "temperature": 0,
      "avg_logprob": -0.2047082781791687,
      "compression_ratio": 1.5833333730697632,
      "no_speech_prob": 0.6149967312812805
    },
    {
      "id": 12,
      "seek": 2564,
      "start": 47.560001373291016,
      "end": 50,
      "text": " Ci sposeremo il prossimo anno.",